{"cameraMode":{"drawMode":0,"name":"Shaded","section":"Shading Mode"},"sceneLighting":false,"audioPlay":false,"sceneViewState":{"showFog":true,"showMaterialUpdate":false,"showSkybox":false,"showFlares":true,"showImageEffects":true,"showParticleSystems":true},"in2DMode":false,"pivot":{"x":0.8648135662078857,"y":0.3348274230957031,"z":0.8673872947692871},"rotation":{"x":0.24929283559322358,"y":-0.17945174872875215,"z":0.04706623777747154,"w":0.9504936933517456},"size":0.8660253882408142,"orthographic":true}