{"cameraMode":{"drawMode":0,"name":"Shaded","section":"Shading Mode"},"sceneLighting":false,"audioPlay":false,"sceneViewState":{"showFog":true,"showMaterialUpdate":true,"showSkybox":true,"showFlares":true,"showImageEffects":true,"showParticleSystems":true},"in2DMode":false,"pivot":{"x":7.378171920776367,"y":4.430623531341553,"z":6.601903438568115},"rotation":{"x":-0.24996645748615266,"y":0.042978931218385699,"z":-0.011112996377050877,"w":-0.9672421216964722},"size":7.856863975524902,"orthographic":false}