{"cameraMode":{"drawMode":0,"name":"Shaded","section":"Shading Mode"},"sceneLighting":false,"audioPlay":false,"sceneViewState":{"showFog":true,"showMaterialUpdate":false,"showSkybox":false,"showFlares":true,"showImageEffects":true,"showParticleSystems":true},"in2DMode":false,"pivot":{"x":-1.068861961364746,"y":1.029092788696289,"z":0.4202565550804138},"rotation":{"x":0.1123613491654396,"y":-0.15495121479034425,"z":0.017741410061717035,"w":0.9813544750213623},"size":0.8660253882408142,"orthographic":true}