{"cameraMode":{"drawMode":0,"name":"Shaded","section":"Shading Mode"},"sceneLighting":false,"audioPlay":false,"sceneViewState":{"showFog":true,"showMaterialUpdate":true,"showSkybox":true,"showFlares":true,"showImageEffects":true,"showParticleSystems":true},"in2DMode":false,"pivot":{"x":416.0628662109375,"y":75.37818908691406,"z":-21.237083435058595},"rotation":{"x":-0.13228970766067506,"y":-0.057054903358221057,"z":0.007621695753186941,"w":-0.9895440340042114},"size":233.64706420898438,"orthographic":false}